{"cameraMode":{"drawMode":0,"name":"Shaded","section":"Shading Mode"},"sceneLighting":false,"audioPlay":false,"sceneViewState":{"showFog":true,"showMaterialUpdate":true,"showSkybox":false,"showFlares":true,"showImageEffects":false,"showParticleSystems":true},"in2DMode":false,"pivot":{"x":18.248281478881837,"y":16.68689727783203,"z":10.789106369018555},"rotation":{"x":-0.31296059489250185,"y":0.0014276873553171754,"z":-0.0004756710841320455,"w":-0.9497649669647217},"size":3.679882764816284,"orthographic":false}