{"cameraMode":{"drawMode":0,"name":"Shaded","section":"Shading Mode"},"sceneLighting":false,"audioPlay":false,"sceneViewState":{"showFog":true,"showMaterialUpdate":true,"showSkybox":false,"showFlares":true,"showImageEffects":false,"showParticleSystems":true},"in2DMode":false,"pivot":{"x":-7.65412712097168,"y":2.4843387603759767,"z":-13.05659294128418},"rotation":{"x":-0.1467122733592987,"y":0.7647833228111267,"z":-0.18740613758563996,"w":-0.598716139793396},"size":1.2024977207183838,"orthographic":false}