{"cameraMode":{"drawMode":0,"name":"Shaded","section":"Shading Mode"},"sceneLighting":true,"audioPlay":false,"sceneViewState":{"showFog":true,"showMaterialUpdate":true,"showSkybox":true,"showFlares":true,"showImageEffects":true,"showParticleSystems":true},"in2DMode":false,"pivot":{"x":0.2414720356464386,"y":-0.19885718822479249,"z":0.0},"rotation":{"x":-0.22321641445159913,"y":-0.04034500569105148,"z":0.009246734902262688,"w":-0.9738897085189819},"size":11.998517990112305,"orthographic":false}