{"cameraMode":{"drawMode":0,"name":"Shaded","section":"Shading Mode"},"sceneLighting":true,"audioPlay":false,"sceneViewState":{"showFog":true,"showMaterialUpdate":true,"showSkybox":true,"showFlares":true,"showImageEffects":true,"showParticleSystems":true},"in2DMode":false,"pivot":{"x":-70.4630126953125,"y":25.386219024658204,"z":-73.348876953125},"rotation":{"x":-0.12106337398290634,"y":0.1753256469964981,"z":-0.021728327497839929,"w":-0.9767970442771912},"size":2.824802875518799,"orthographic":false}