{"cameraMode":{"drawMode":0,"name":"Shaded","section":"Shading Mode"},"sceneLighting":false,"audioPlay":false,"sceneViewState":{"showFog":true,"showMaterialUpdate":true,"showSkybox":false,"showFlares":true,"showImageEffects":false,"showParticleSystems":true},"in2DMode":false,"pivot":{"x":-43.96552658081055,"y":2.1322031021118166,"z":2.385910987854004},"rotation":{"x":-0.27281540632247927,"y":-0.3483366072177887,"z":0.1067267507314682,"w":-0.8904171586036682},"size":230.50277709960938,"orthographic":false}