{"cameraMode":{"drawMode":0,"name":"Shaded","section":"Shading Mode"},"sceneLighting":false,"audioPlay":false,"sceneViewState":{"showFog":true,"showMaterialUpdate":true,"showSkybox":false,"showFlares":true,"showImageEffects":false,"showParticleSystems":true},"in2DMode":false,"pivot":{"x":-7.966547966003418,"y":2.496838092803955,"z":-12.538396835327149},"rotation":{"x":-0.13201236724853517,"y":-0.14310620725154878,"z":0.019265037029981614,"w":-0.9806743860244751},"size":19.407785415649415,"orthographic":false}