{"cameraMode":{"drawMode":0,"name":"Shaded","section":"Shading Mode"},"sceneLighting":true,"audioPlay":false,"sceneViewState":{"showFog":true,"showMaterialUpdate":true,"showSkybox":true,"showFlares":true,"showImageEffects":true,"showParticleSystems":true},"in2DMode":false,"pivot":{"x":-17.551246643066408,"y":-0.8711814880371094,"z":14.675533294677735},"rotation":{"x":-0.1657329499721527,"y":0.05972104147076607,"z":-0.010053861886262894,"w":-0.9843094348907471},"size":45.92502212524414,"orthographic":false}