{"cameraMode":{"drawMode":0,"name":"Shaded","section":"Shading Mode"},"sceneLighting":true,"audioPlay":false,"sceneViewState":{"showFog":true,"showMaterialUpdate":true,"showSkybox":true,"showFlares":true,"showImageEffects":true,"showParticleSystems":true},"in2DMode":false,"pivot":{"x":69.32057189941406,"y":1.9777920246124268,"z":-13.765440940856934},"rotation":{"x":-0.39639145135879519,"y":-0.0531020388007164,"z":0.022996265441179277,"w":-0.9162560701370239},"size":10.723268508911133,"orthographic":false}