{"cameraMode":{"drawMode":0,"name":"Shaded","section":"Shading Mode"},"sceneLighting":true,"audioPlay":false,"sceneViewState":{"showFog":true,"showMaterialUpdate":true,"showSkybox":false,"showFlares":true,"showImageEffects":false,"showParticleSystems":true},"in2DMode":false,"pivot":{"x":-100.3726806640625,"y":8.422473907470704,"z":-12.045628547668457},"rotation":{"x":-0.27693653106689455,"y":0.21725857257843018,"z":-0.06443078815937042,"w":-0.9337846040725708},"size":26.575538635253908,"orthographic":false}