{"cameraMode":{"drawMode":0,"name":"Shaded","section":"Shading Mode"},"sceneLighting":false,"audioPlay":false,"sceneViewState":{"showFog":true,"showMaterialUpdate":true,"showSkybox":true,"showFlares":true,"showImageEffects":true,"showParticleSystems":true},"in2DMode":false,"pivot":{"x":93.80000305175781,"y":-5.300000190734863,"z":-0.9600000381469727},"rotation":{"x":-0.1467263102531433,"y":-0.02611459419131279,"z":0.0038747666403651239,"w":-0.9888247847557068},"size":35.80589294433594,"orthographic":false}