{"cameraMode":{"drawMode":0,"name":"Shaded","section":"Shading Mode"},"sceneLighting":false,"audioPlay":false,"sceneViewState":{"showFog":true,"showMaterialUpdate":true,"showSkybox":false,"showFlares":true,"showImageEffects":false,"showParticleSystems":true},"in2DMode":false,"pivot":{"x":0.00021204352378845215,"y":0.3404878079891205,"z":3.725290298461914e-9},"rotation":{"x":-0.09907696396112442,"y":-0.1745990812778473,"z":0.017661454156041147,"w":-0.9794830679893494},"size":2.1480815410614015,"orthographic":false}