{"cameraMode":{"drawMode":0,"name":"Shaded","section":"Shading Mode"},"sceneLighting":true,"audioPlay":false,"sceneViewState":{"showFog":true,"showMaterialUpdate":true,"showSkybox":true,"showFlares":true,"showImageEffects":true,"showParticleSystems":true},"in2DMode":false,"pivot":{"x":-49.428306579589847,"y":6.273163795471191,"z":-32.45543670654297},"rotation":{"x":-0.0318046510219574,"y":0.002098208526149392,"z":-0.00006538997695315629,"w":-0.9994919896125794},"size":9.46247673034668,"orthographic":false}