{"cameraMode":{"drawMode":0,"name":"Shaded","section":"Shading Mode"},"sceneLighting":true,"audioPlay":false,"sceneViewState":{"showFog":true,"showMaterialUpdate":true,"showSkybox":true,"showFlares":true,"showImageEffects":true,"showParticleSystems":true},"in2DMode":false,"pivot":{"x":-0.08306816220283508,"y":7.7527546882629398,"z":0.1099398136138916},"rotation":{"x":-0.18149334192276,"y":0.4499475061893463,"z":-0.09393231570720673,"w":-0.8693585395812988},"size":18.958860397338868,"orthographic":false}