{"cameraMode":{"drawMode":0,"name":"Shaded","section":"Shading Mode"},"sceneLighting":true,"audioPlay":false,"sceneViewState":{"showFog":true,"showMaterialUpdate":true,"showSkybox":true,"showFlares":true,"showImageEffects":true,"showParticleSystems":true},"in2DMode":false,"pivot":{"x":-0.060660719871520999,"y":-0.6297794580459595,"z":-11.479999542236329},"rotation":{"x":0.11404436081647873,"y":0.2705826759338379,"z":-0.0323016420006752,"w":0.9553719758987427},"size":44.40964126586914,"orthographic":false}