{"cameraMode":{"drawMode":0,"name":"Shaded","section":"Shading Mode"},"sceneLighting":true,"audioPlay":false,"sceneViewState":{"showFog":true,"showMaterialUpdate":true,"showSkybox":true,"showFlares":true,"showImageEffects":true,"showParticleSystems":true},"in2DMode":false,"pivot":{"x":119.64814758300781,"y":-1.7569531202316285,"z":1.4303569793701172},"rotation":{"x":0.016806891188025476,"y":0.016491448506712915,"z":-0.0002789207792375237,"w":0.9997227787971497},"size":27.083646774291993,"orthographic":false}