{"cameraMode":{"drawMode":0,"name":"Shaded","section":"Shading Mode"},"sceneLighting":true,"audioPlay":false,"sceneViewState":{"showFog":true,"showMaterialUpdate":true,"showSkybox":true,"showFlares":true,"showImageEffects":true,"showParticleSystems":true},"in2DMode":false,"pivot":{"x":-79.00997161865235,"y":10.45062255859375,"z":-12.04995346069336},"rotation":{"x":-0.0642704963684082,"y":0.12302499264478684,"z":-0.00798391830176115,"w":-0.9902880787849426},"size":34.323097229003909,"orthographic":false}