{"cameraMode":{"drawMode":0,"name":"Shaded","section":"Shading Mode"},"sceneLighting":false,"audioPlay":false,"sceneViewState":{"showFog":true,"showMaterialUpdate":true,"showSkybox":false,"showFlares":true,"showImageEffects":false,"showParticleSystems":true},"in2DMode":false,"pivot":{"x":-3.5272364616394045,"y":-31.48276710510254,"z":36.34701156616211},"rotation":{"x":-0.27281540632247927,"y":-0.3483366072177887,"z":0.1067267507314682,"w":-0.8904171586036682},"size":65.14604187011719,"orthographic":false}