{"cameraMode":{"drawMode":0,"name":"Shaded","section":"Shading Mode"},"sceneLighting":false,"audioPlay":false,"sceneViewState":{"showFog":true,"showMaterialUpdate":true,"showSkybox":false,"showFlares":true,"showImageEffects":false,"showParticleSystems":true},"in2DMode":false,"pivot":{"x":-14.633267402648926,"y":2.368647336959839,"z":-12.702764511108399},"rotation":{"x":-0.09270476549863816,"y":-0.045499518513679507,"z":0.004260118585079908,"w":-0.9946444630622864},"size":4.563667297363281,"orthographic":false}