{"cameraMode":{"drawMode":0,"name":"Shaded","section":"Shading Mode"},"sceneLighting":true,"audioPlay":false,"sceneViewState":{"showFog":true,"showMaterialUpdate":true,"showSkybox":true,"showFlares":true,"showImageEffects":true,"showParticleSystems":true},"in2DMode":false,"pivot":{"x":117.43351745605469,"y":-8.816417694091797,"z":-0.11944045126438141},"rotation":{"x":-0.13511192798614503,"y":0.034469932317733768,"z":-0.0047071282751858238,"w":-0.9902194142341614},"size":19.33156967163086,"orthographic":false}