{"cameraMode":{"drawMode":0,"name":"Shaded","section":"Shading Mode"},"sceneLighting":true,"audioPlay":false,"sceneViewState":{"showFog":true,"showMaterialUpdate":true,"showSkybox":true,"showFlares":true,"showImageEffects":true,"showParticleSystems":true},"in2DMode":false,"pivot":{"x":-53.29355239868164,"y":-3.7280964851379396,"z":-11.704898834228516},"rotation":{"x":-0.12657731771469117,"y":-0.11666850000619888,"z":0.01499456912279129,"w":-0.9849578142166138},"size":75.89002990722656,"orthographic":false}